{
  "backend": "python-numpy",
  "language": "Python",
  "steps_completed": 100,
  "t_final": 0.1,
  "grid_nx": 64,
  "grid_ny": 32,
  "u_velocity": {
    "length": 2048,
    "first_10": [
      1.2185343615277318e-17,
      0.062452021664229224,
      0.12491295599436025,
      0.18739612284505547,
      0.2499067206540915,
      0.31246273273547254,
      0.37506211084750735,
      0.4377141654217921,
      0.5003560932867772,
      0.5628025836723486
    ],
    "last_10": [
      -0.6234327328383676,
      -0.5622083157550526,
      -0.49997697121840556,
      -0.43751502067462006,
      -0.37500854796761607,
      -0.31252600683812015,
      -0.2500598937373012,
      -0.1876167786229651,
      -0.12517925293687943,
      -0.06274525766540995
    ],
    "min": -0.7387149080466588,
    "max": 0.7387149080466587,
    "mean": -5.502326025363935e-18
  },
  "v_velocity": {
    "length": 2048,
    "first_10": [
      2.4737347185465848e-17,
      -0.0003000181518777701,
      -0.0005817977989485365,
      -0.0008265127763929334,
      -0.0010143767729326601,
      -0.0011237584861054858,
      -0.0011309574400635491,
      -0.0010090090072028541,
      -0.0007278188593540866,
      -0.00025363628674558833
    ],
    "last_10": [
      -0.002375903143073407,
      -0.0016484429180901523,
      -0.0011582671498084089,
      -0.0008690627479407314,
      -0.0007442493052819531,
      -0.0007514334385362316,
      -0.0008617992758879766,
      -0.0010502731187506413,
      -0.0012942448187787513,
      -0.0015733568529995375
    ],
    "min": -0.012192861574820007,
    "max": 0.012192861574820016,
    "mean": 5.702649317389577e-19
  },
  "vorticity": {
    "length": 2048,
    "first_10": [
      0.12340803073339536,
      0.123393546115593,
      0.12188039780913656,
      0.12039795878229277,
      0.11739869189301279,
      0.11473620826786375,
      0.11096127345145472,
      0.10969667421229251,
      0.113696722440158,
      0.14371889224569587
    ],
    "last_10": [
      0.2712170113537265,
      0.15689799952772335,
      0.12581915400795307,
      0.12023300358663402,
      0.11982091181643036,
      0.12177189266785826,
      0.12261334468331228,
      0.12371636949657726,
      0.12331402331974059,
      0.12291255474119922
    ],
    "min": -0.12380432171416285,
    "max": 31.907571683176453,
    "mean": 4.00003501110517
  },
  "pressure": {
    "length": 2048,
    "first_10": [
      -0.03947750548666587,
      -0.03898959687188874,
      -0.03752583636859845,
      -0.035085945327376133,
      -0.031669573749549776,
      -0.02727611103729496,
      -0.021904901970147966,
      -0.015555119318248642,
      -0.008226389114324429,
      8.01007412483401e-05
    ],
    "last_10": [
      0.0093342352475423,
      6.916841359365117e-05,
      -0.008229762846113351,
      -0.015554022348077217,
      -0.021901870915079325,
      -0.027273192718273644,
      -0.03166837777857736,
      -0.035087699024166225,
      -0.03753142029598848,
      -0.038999576952860104
    ],
    "min": -0.04100090578449528,
    "max": 0.06483101638913964,
    "mean": 3.9979955110402976e-19
  },
  "diagnostics": {
    "kinetic_energy": 0.11280980358670886,
    "enstrophy": 43.70514151228987,
    "max_vorticity": 31.907571683176453,
    "divergence_rms": 1.1984067509557766e-14
  },
  "compute_time_ms": 150.88
}